ticket_id,report_time,address,district,subdistrict,status,description,resolution,reporting_agency,tags,upvotes,image_url,latitude,longitude,source,received_time
2025-GWE8DA,6 พ.ค. 68 21:02 น.,72 ถ. สามเสน แขวงบางขุนพรหม เขตพระนคร กรุงเทพมหานคร 10200 ประเทศไทย,เขตพระนคร,แขวงบางขุนพรหม,รอรับเรื่อง 7 นาทีที่แล้ว,แยกไฟแดง เทเวศร์ รถยนต์และจักรยานยนต์จอดรถริมถนนตรงแยกไฟแดงทุกวัน บางครั้งจอดทับทางเท้าด้วย ทำให้ใช้...เพิ่มเติม,ดำเนินการ: -,,"ผิดกฎจราจร, ถนน",0,https://storage.googleapis.com/traffy_public_bucket/attachment/2025-05/32b99402a5e10bb5e8cb9b23f19ad691.jpg,13.76601693277135,100.50360058964046,kafka,2025-05-06T15:44:37.576860
2025-LRJPWF,6 พ.ค. 68 21:01 น.,"92/7, 92/7 ซอย ทวีสุข แขวงคลองตันเหนือ เขตวัฒนา กรุงเทพมหานคร 10110 ประเทศไทย",เขตวัฒนา,แขวงคลองตันเหนือ,รอรับเรื่อง 8 นาทีที่แล้ว,ไฟฟ้าถนนในซอยดับทั้งหมดเริ่มจากในซอยสุขุมวิท31ทั้งซอยแยก และซอยทวีสุข ไฟถนนดับทั้งหมด,ดำเนินการ: -,,"ไฟฟ้า, อุปกรณ์ชำรุด",0,https://storage.googleapis.com/traffy_public_bucket/attachment/2025-05/74999c030650c88d9bedc4cabe669372.jpg,13.74411583650065,100.57113888193288,kafka,2025-05-06T15:44:37.579860
2025-4CCXCZ,6 พ.ค. 68 21:01 น.,481 ถ. พหลโยธิน แขวงพญาไท เขตพญาไท กรุงเทพมหานคร 10400 ประเทศไทย,เขตพญาไท,แขวงพญาไท,รอรับเรื่อง 8 นาทีที่แล้ว,ไฟถนนไม่ติด,ดำเนินการ: -,,"ไฟฟ้า, อุปกรณ์ชำรุด",0,https://storage.googleapis.com/traffy_public_bucket/attachment/2025-05/6f780ac4ba0eb8dea97f3e05062c45f7.jpg,13.7829179264679,100.539741764299,kafka,2025-05-06T15:44:37.581862
2025-4RRLV3,6 พ.ค. 68 21:01 น.,72 ถ. สามเสน แขวงบางขุนพรหม เขตพระนคร กรุงเทพมหานคร 10200 ประเทศไทย,เขตพระนคร,แขวงบางขุนพรหม,รอรับเรื่อง 9 นาทีที่แล้ว,แยกไฟแดง เทเวศร์ รถยนต์และจักรยานยนต์จอดรถริมถนนตรงแยกไฟแดงทุกวัน บางครั้งจอดทับทางเท้าด้วย ทำให้ใช้...เพิ่มเติม,ดำเนินการ: -,,ผิดกฎจราจร,0,https://storage.googleapis.com/traffy_public_bucket/attachment/2025-05/0935cd60e0f53ff8cfcdf55e20a5b590.jpg,13.76601693277135,100.50360058964046,kafka,2025-05-06T15:44:37.582860
2025-YE3YMJ,6 พ.ค. 68 21:01 น.,15/158 ซอย รัชดาภิเษก 36 ซอย เสือใหญ่อุทิศ แขวงจันทรเกษม เขตจตุจักร กรุงเทพมหานคร 10900 ประเทศไทย,เขตจตุจักร,แขวงจันทรเกษม,รอรับเรื่อง 9 นาทีที่แล้ว,โค้งซอยรัชดาภิเษก 36 แยก 5 มีน้ำขังบริเวณท่อระบายน้ำ,ดำเนินการ: -,,"น้ำท่วม, ถนน, อุปกรณ์ชำรุด",0,https://storage.googleapis.com/traffy_public_bucket/attachment/2025-05/a92c28e4aac4a885135b743bf7c08a7f.jpg,13.8225523187655,100.57933782528687,kafka,2025-05-06T15:44:37.583860
2025-L4TK6K,6 พ.ค. 68 20:59 น.,RPXC+38P ถ. หทัยราษฎร์ แขวงบางชัน เขตคลองสามวา กรุงเทพมหานคร 10510 ประเทศไทย,เขตคลองสามวา,แขวงบางชัน,รอรับเรื่อง 11 นาทีที่แล้ว,"📢🔊💡🛣️ แจ้งไฟถนนดับ😱
*️⃣หมายเลขโคมไฟ ตามภาพแนบ
💥👉ส่งต่อ Bangkok Smart Lighting (สำนักการโยธา ก...เพิ่มเติม",ดำเนินการ: -,,"ไฟฟ้า, อุปกรณ์ชำรุด",0,https://storage.googleapis.com/traffy_public_bucket/attachment/2025-05/2a99b3da3c5cdff306dc858c6af603da.jpg,13.848426762685051,100.7210599026278,kafka,2025-05-06T15:44:37.585862
2025-H44WHN,6 พ.ค. 68 20:58 น.,42 ซ. สุขุมวิท 11 แขวงคลองเตยเหนือ เขตวัฒนา กรุงเทพมหานคร 10110 ประเทศไทย,เขตวัฒนา,แขวงคลองเตยเหนือ,รอรับเรื่อง 11 นาทีที่แล้ว,ปัญหารถเร่เข็นขายสินค้าและอาหารในซอยสุขุมวิท 11 ที่ฝ่าฝืนประกาศห้ามขายสินค้า/อาหารของเขตวัฒนาที่มีกา...เพิ่มเติม,ดำเนินการ: -,,"หาบเร่แผงลอย, ผิดกฎจราจร",0,https://storage.googleapis.com/traffy_public_bucket/attachment/2025-05/c9aa5354b5753493408c5ff423128ab8.jpg,13.7459504618328,100.558295344765,kafka,2025-05-06T15:44:37.586862
2025-RBM8WK,6 พ.ค. 68 20:57 น.,367/21 ถ. จรัญสนิทวงศ์ แขวงบางขุนศรี เขตบางกอกน้อย กรุงเทพมหานคร 10700 ประเทศไทย,เขตบางกอกน้อย,แขวงบางขุนศรี,รอรับเรื่อง 12 นาทีที่แล้ว,รถจักรยานยนต์จอดบนทางเท้า,ดำเนินการ: -,,"ทางเท้า, ผิดกฎจราจร",0,https://storage.googleapis.com/traffy_public_bucket/attachment/2025-05/5e7f7ece2896db3f5e5c2cac152cafad.jpg,13.75601623806585,100.46910683196813,kafka,2025-05-06T15:44:37.588859
2025-GWE8DA,6 พ.ค. 68 21:02 น.,72 ถ. สามเสน แขวงบางขุนพรหม เขตพระนคร กรุงเทพมหานคร 10200 ประเทศไทย,เขตพระนคร,แขวงบางขุนพรหม,รอรับเรื่อง 11 นาทีที่แล้ว,แยกไฟแดง เทเวศร์ รถยนต์และจักรยานยนต์จอดรถริมถนนตรงแยกไฟแดงทุกวัน บางครั้งจอดทับทางเท้าด้วย ทำให้ใช้...เพิ่มเติม,ดำเนินการ: -,,"ผิดกฎจราจร, ถนน",0,https://storage.googleapis.com/traffy_public_bucket/attachment/2025-05/32b99402a5e10bb5e8cb9b23f19ad691.jpg,13.76601693277135,100.50360058964046,kafka,2025-05-06T15:44:37.589863
2025-LRJPWF,6 พ.ค. 68 21:01 น.,"92/7, 92/7 ซอย ทวีสุข แขวงคลองตันเหนือ เขตวัฒนา กรุงเทพมหานคร 10110 ประเทศไทย",เขตวัฒนา,แขวงคลองตันเหนือ,รอรับเรื่อง 11 นาทีที่แล้ว,ไฟฟ้าถนนในซอยดับทั้งหมดเริ่มจากในซอยสุขุมวิท31ทั้งซอยแยก และซอยทวีสุข ไฟถนนดับทั้งหมด,ดำเนินการ: -,,"ไฟฟ้า, อุปกรณ์ชำรุด",0,https://storage.googleapis.com/traffy_public_bucket/attachment/2025-05/74999c030650c88d9bedc4cabe669372.jpg,13.74411583650065,100.57113888193288,kafka,2025-05-06T15:44:37.591860
2025-4CCXCZ,6 พ.ค. 68 21:01 น.,481 ถ. พหลโยธิน แขวงพญาไท เขตพญาไท กรุงเทพมหานคร 10400 ประเทศไทย,เขตพญาไท,แขวงพญาไท,รอรับเรื่อง 11 นาทีที่แล้ว,ไฟถนนไม่ติด,ดำเนินการ: -,,"ไฟฟ้า, อุปกรณ์ชำรุด",0,https://storage.googleapis.com/traffy_public_bucket/attachment/2025-05/6f780ac4ba0eb8dea97f3e05062c45f7.jpg,13.7829179264679,100.539741764299,kafka,2025-05-06T15:44:37.592864
2025-4RRLV3,6 พ.ค. 68 21:01 น.,72 ถ. สามเสน แขวงบางขุนพรหม เขตพระนคร กรุงเทพมหานคร 10200 ประเทศไทย,เขตพระนคร,แขวงบางขุนพรหม,รอรับเรื่อง 12 นาทีที่แล้ว,แยกไฟแดง เทเวศร์ รถยนต์และจักรยานยนต์จอดรถริมถนนตรงแยกไฟแดงทุกวัน บางครั้งจอดทับทางเท้าด้วย ทำให้ใช้...เพิ่มเติม,ดำเนินการ: -,,ผิดกฎจราจร,0,https://storage.googleapis.com/traffy_public_bucket/attachment/2025-05/0935cd60e0f53ff8cfcdf55e20a5b590.jpg,13.76601693277135,100.50360058964046,kafka,2025-05-06T15:44:37.594859
2025-YE3YMJ,6 พ.ค. 68 21:01 น.,15/158 ซอย รัชดาภิเษก 36 ซอย เสือใหญ่อุทิศ แขวงจันทรเกษม เขตจตุจักร กรุงเทพมหานคร 10900 ประเทศไทย,เขตจตุจักร,แขวงจันทรเกษม,รอรับเรื่อง 12 นาทีที่แล้ว,โค้งซอยรัชดาภิเษก 36 แยก 5 มีน้ำขังบริเวณท่อระบายน้ำ,ดำเนินการ: -,,"น้ำท่วม, ถนน, อุปกรณ์ชำรุด",0,https://storage.googleapis.com/traffy_public_bucket/attachment/2025-05/a92c28e4aac4a885135b743bf7c08a7f.jpg,13.8225523187655,100.57933782528687,kafka,2025-05-06T15:44:37.595859
2025-L4TK6K,6 พ.ค. 68 20:59 น.,RPXC+38P ถ. หทัยราษฎร์ แขวงบางชัน เขตคลองสามวา กรุงเทพมหานคร 10510 ประเทศไทย,เขตคลองสามวา,แขวงบางชัน,รอรับเรื่อง 14 นาทีที่แล้ว,"📢🔊💡🛣️ แจ้งไฟถนนดับ😱
*️⃣หมายเลขโคมไฟ ตามภาพแนบ
💥👉ส่งต่อ Bangkok Smart Lighting (สำนักการโยธา ก...เพิ่มเติม",ดำเนินการ: -,,"ไฟฟ้า, อุปกรณ์ชำรุด",0,https://storage.googleapis.com/traffy_public_bucket/attachment/2025-05/2a99b3da3c5cdff306dc858c6af603da.jpg,13.848426762685051,100.7210599026278,kafka,2025-05-06T15:44:37.596859
B7JAMR,6 พ.ค. 68 21:13 น.,MJJ3+6P9 ซอย สุขุมวิท 66/1 แขวงบางนาเหนือ เขตบางนา กรุงเทพมหานคร 10260 ประเทศไทย,เขตบางนา,แขวงบางนาเหนือ,ส่งต่อ 3 นาทีที่แล้ว,ปัญหา: ปาล์มคอนโดภายในซอยดังกล่าว พบมีน้ำรั่วซึมลงมาภายในห้องของผู้ร้อง ซึ่งผู้ร้องได้แจ้งกับทางนิติ...เพิ่มเติม,ดำเนินการ: -,,อื่นๆ,0,https://storage.googleapis.com/traffy_public_bucket/attachment/2025-05/21be7685fd715fab477411893dc4a4c6.jpg,13.6803668551312,100.60685466221898,kafka,2025-05-06T15:44:37.597859
2025-9ZA36E,6 พ.ค. 68 21:12 น.,โรงเรียนโชคชัย 268 ถ. หทัยราษฎร์ แขวงบางชัน เขตคลองสามวา กรุงเทพมหานคร 10510 ประเทศไทย,เขตคลองสามวา,แขวงบางชัน,รอรับเรื่อง 4 นาทีที่แล้ว,"📢🔊💡🛣️ แจ้งไฟถนนดับ😱
*️⃣หมายเลขโคมไฟ ตามภาพแนบ
💥👉ส่งต่อ Bangkok Smart Lighting (สำนักการโยธา ก...เพิ่มเติม",ดำเนินการ: -,,"ไฟฟ้า, อุปกรณ์ชำรุด",0,https://storage.googleapis.com/traffy_public_bucket/attachment/2025-05/b236c00a2def371a6b8eea70ac909613.jpg,13.848426762685051,100.7210599026278,kafka,2025-05-06T15:44:37.599866
2025-ZXVRKR,6 พ.ค. 68 21:09 น.,56 ถนน พระสุเมรุ แขวงชนะสงคราม เขตพระนคร กรุงเทพมหานคร 10200 ประเทศไทย,เขตพระนคร,แขวงชนะสงคราม,รอรับเรื่อง 7 นาทีที่แล้ว,คนขายของกีดขวางทางเท้าหน้า7-11ถนนพระสุเมรุตรงข้ามปั้ม ปตท.ครับ,ดำเนินการ: -,,"ทางเท้า, หาบเร่แผงลอย",0,https://storage.googleapis.com/traffy_public_bucket/attachment/2025-05/5e7a02b6c2af8bdfe7ad85dbc67c31b0.jpg,13.762037843482549,100.49706235372992,kafka,2025-05-06T15:44:37.600860
2025-F4PYVF,6 พ.ค. 68 21:08 น.,14/2 ถ. สามเสน แขวงถนนนครไชยศรี เขตดุสิต กรุงเทพมหานคร 10300 ประเทศไทย,เขตดุสิต,แขวงถนนนครไชยศรี,รอรับเรื่อง 8 นาทีที่แล้ว,ไฟถนนในซอยสามเสน 30 ไม่ติด มืด มาก แจ้ง เรื่อง ไป ตั้งแต่ปีที่แล้ว ยังไม่ได้รับการแก้ไข มีแต่ส่งเรื่...เพิ่มเติม,ดำเนินการ: -,,"ไฟฟ้า, อุปกรณ์ชำรุด",0,https://storage.googleapis.com/traffy_public_bucket/attachment/2025-05/09fc0f538ebfb8cb73156f53548f4b37.jpg,13.790959698269301,100.51690726759138,kafka,2025-05-06T15:44:37.602859
2025-Z8L48K,6 พ.ค. 68 21:05 น.,โรงเรียนโชคชัย 268 ถ. หทัยราษฎร์ แขวงบางชัน เขตคลองสามวา กรุงเทพมหานคร 10510 ประเทศไทย,เขตคลองสามวา,แขวงบางชัน,รอรับเรื่อง 11 นาทีที่แล้ว,"📢🔊🚥แจ้งป้ายไฟสัญญานจราจรทางข้ามขัดข้อง ดับสนิท ทุกจุด😱
*️⃣หมายเลข ตามภาพแนบ
💥👉ส่งต่อ สำนักการจ...เพิ่มเติม",ดำเนินการ: -,,"อุปกรณ์ชำรุด, ถนน",0,https://storage.googleapis.com/traffy_public_bucket/attachment/2025-05/db5c68b6c5d32f35f349dea8b4cc5264.jpg,13.848426762685051,100.7210599026278,kafka,2025-05-06T15:44:37.603859
BCR7HD,6 พ.ค. 68 21:05 น.,19/553 ซ. นวมินทร์ 26 แยก 1 แขวงคลองกุ่ม เขตบึงกุ่ม กรุงเทพมหานคร 10240 ประเทศไทย,เขตบึงกุ่ม,แขวงคลองกุ่ม,ส่งต่อ 11 นาทีที่แล้ว,ปัญหา: ห้องแถว เลขที่ 19/580 ภายในซอยดังกล่าว พบสุนัขเห่าส่งเสียงดังในยามวิกาล พบเห็นเป็นประจำบ่อยคร...เพิ่มเติม,ดำเนินการ: -,,เสียง,0,https://storage.googleapis.com/traffy_public_bucket/attachment/2025-05/f25e474b6731007e1f502644989f72fe.jpg,13.79268134274555,100.6563356572833,kafka,2025-05-06T15:44:37.604859
B7JAMR,6 พ.ค. 68 21:13 น.,MJJ3+6P9 ซอย สุขุมวิท 66/1 แขวงบางนาเหนือ เขตบางนา กรุงเทพมหานคร 10260 ประเทศไทย,เขตบางนา,แขวงบางนาเหนือ,ส่งต่อ 6 นาทีที่แล้ว,ปัญหา: ปาล์มคอนโดภายในซอยดังกล่าว พบมีน้ำรั่วซึมลงมาภายในห้องของผู้ร้อง ซึ่งผู้ร้องได้แจ้งกับทางนิติ...เพิ่มเติม,ดำเนินการ: -,,อื่นๆ,0,https://storage.googleapis.com/traffy_public_bucket/attachment/2025-05/21be7685fd715fab477411893dc4a4c6.jpg,13.6803668551312,100.60685466221898,kafka,2025-05-06T15:44:37.605859
2025-9ZA36E,6 พ.ค. 68 21:12 น.,โรงเรียนโชคชัย 268 ถ. หทัยราษฎร์ แขวงบางชัน เขตคลองสามวา กรุงเทพมหานคร 10510 ประเทศไทย,เขตคลองสามวา,แขวงบางชัน,รอรับเรื่อง 7 นาทีที่แล้ว,"📢🔊💡🛣️ แจ้งไฟถนนดับ😱
*️⃣หมายเลขโคมไฟ ตามภาพแนบ
💥👉ส่งต่อ Bangkok Smart Lighting (สำนักการโยธา ก...เพิ่มเติม",ดำเนินการ: -,,"ไฟฟ้า, อุปกรณ์ชำรุด",0,https://storage.googleapis.com/traffy_public_bucket/attachment/2025-05/b236c00a2def371a6b8eea70ac909613.jpg,13.848426762685051,100.7210599026278,kafka,2025-05-06T15:44:37.607862
2025-ZXVRKR,6 พ.ค. 68 21:09 น.,56 ถนน พระสุเมรุ แขวงชนะสงคราม เขตพระนคร กรุงเทพมหานคร 10200 ประเทศไทย,เขตพระนคร,แขวงชนะสงคราม,รอรับเรื่อง 10 นาทีที่แล้ว,คนขายของกีดขวางทางเท้าหน้า7-11ถนนพระสุเมรุตรงข้ามปั้ม ปตท.ครับ,ดำเนินการ: -,,"ทางเท้า, หาบเร่แผงลอย",0,https://storage.googleapis.com/traffy_public_bucket/attachment/2025-05/5e7a02b6c2af8bdfe7ad85dbc67c31b0.jpg,13.762037843482549,100.49706235372992,kafka,2025-05-06T15:44:37.608859
2025-F4PYVF,6 พ.ค. 68 21:08 น.,14/2 ถ. สามเสน แขวงถนนนครไชยศรี เขตดุสิต กรุงเทพมหานคร 10300 ประเทศไทย,เขตดุสิต,แขวงถนนนครไชยศรี,รอรับเรื่อง 12 นาทีที่แล้ว,ไฟถนนในซอยสามเสน 30 ไม่ติด มืด มาก แจ้ง เรื่อง ไป ตั้งแต่ปีที่แล้ว ยังไม่ได้รับการแก้ไข มีแต่ส่งเรื่...เพิ่มเติม,ดำเนินการ: -,,"ไฟฟ้า, อุปกรณ์ชำรุด",0,https://storage.googleapis.com/traffy_public_bucket/attachment/2025-05/09fc0f538ebfb8cb73156f53548f4b37.jpg,13.790959698269301,100.51690726759138,kafka,2025-05-06T15:44:37.609859
2025-Z8L48K,6 พ.ค. 68 21:05 น.,โรงเรียนโชคชัย 268 ถ. หทัยราษฎร์ แขวงบางชัน เขตคลองสามวา กรุงเทพมหานคร 10510 ประเทศไทย,เขตคลองสามวา,แขวงบางชัน,รอรับเรื่อง 14 นาทีที่แล้ว,"📢🔊🚥แจ้งป้ายไฟสัญญานจราจรทางข้ามขัดข้อง ดับสนิท ทุกจุด😱
*️⃣หมายเลข ตามภาพแนบ
💥👉ส่งต่อ สำนักการจ...เพิ่มเติม",ดำเนินการ: -,,"อุปกรณ์ชำรุด, ถนน",0,https://storage.googleapis.com/traffy_public_bucket/attachment/2025-05/db5c68b6c5d32f35f349dea8b4cc5264.jpg,13.848426762685051,100.7210599026278,kafka,2025-05-06T15:44:37.611859
BCR7HD,6 พ.ค. 68 21:05 น.,19/553 ซ. นวมินทร์ 26 แยก 1 แขวงคลองกุ่ม เขตบึงกุ่ม กรุงเทพมหานคร 10240 ประเทศไทย,เขตบึงกุ่ม,แขวงคลองกุ่ม,ส่งต่อ 15 นาทีที่แล้ว,ปัญหา: ห้องแถว เลขที่ 19/580 ภายในซอยดังกล่าว พบสุนัขเห่าส่งเสียงดังในยามวิกาล พบเห็นเป็นประจำบ่อยคร...เพิ่มเติม,ดำเนินการ: -,,เสียง,0,https://storage.googleapis.com/traffy_public_bucket/attachment/2025-05/f25e474b6731007e1f502644989f72fe.jpg,13.79268134274555,100.6563356572833,kafka,2025-05-06T15:44:37.612859
B7JAMR,6 พ.ค. 68 21:13 น.,MJJ3+6P9 ซอย สุขุมวิท 66/1 แขวงบางนาเหนือ เขตบางนา กรุงเทพมหานคร 10260 ประเทศไทย,เขตบางนา,แขวงบางนาเหนือ,ส่งต่อ 9 นาทีที่แล้ว,ปัญหา: ปาล์มคอนโดภายในซอยดังกล่าว พบมีน้ำรั่วซึมลงมาภายในห้องของผู้ร้อง ซึ่งผู้ร้องได้แจ้งกับทางนิติ...เพิ่มเติม,ดำเนินการ: -,,อื่นๆ,0,https://storage.googleapis.com/traffy_public_bucket/attachment/2025-05/21be7685fd715fab477411893dc4a4c6.jpg,13.6803668551312,100.60685466221898,kafka,2025-05-06T15:44:37.614860
2025-9ZA36E,6 พ.ค. 68 21:12 น.,โรงเรียนโชคชัย 268 ถ. หทัยราษฎร์ แขวงบางชัน เขตคลองสามวา กรุงเทพมหานคร 10510 ประเทศไทย,เขตคลองสามวา,แขวงบางชัน,รอรับเรื่อง 10 นาทีที่แล้ว,"📢🔊💡🛣️ แจ้งไฟถนนดับ😱
*️⃣หมายเลขโคมไฟ ตามภาพแนบ
💥👉ส่งต่อ Bangkok Smart Lighting (สำนักการโยธา ก...เพิ่มเติม",ดำเนินการ: -,,"ไฟฟ้า, อุปกรณ์ชำรุด",0,https://storage.googleapis.com/traffy_public_bucket/attachment/2025-05/b236c00a2def371a6b8eea70ac909613.jpg,13.848426762685051,100.7210599026278,kafka,2025-05-06T15:44:37.615859
2025-ZXVRKR,6 พ.ค. 68 21:09 น.,56 ถนน พระสุเมรุ แขวงชนะสงคราม เขตพระนคร กรุงเทพมหานคร 10200 ประเทศไทย,เขตพระนคร,แขวงชนะสงคราม,รอรับเรื่อง 13 นาทีที่แล้ว,คนขายของกีดขวางทางเท้าหน้า7-11ถนนพระสุเมรุตรงข้ามปั้ม ปตท.ครับ,ดำเนินการ: -,,"ทางเท้า, หาบเร่แผงลอย",0,https://storage.googleapis.com/traffy_public_bucket/attachment/2025-05/5e7a02b6c2af8bdfe7ad85dbc67c31b0.jpg,13.762037843482549,100.49706235372992,kafka,2025-05-06T15:44:37.616859
2025-F4PYVF,6 พ.ค. 68 21:08 น.,14/2 ถ. สามเสน แขวงถนนนครไชยศรี เขตดุสิต กรุงเทพมหานคร 10300 ประเทศไทย,เขตดุสิต,แขวงถนนนครไชยศรี,รอรับเรื่อง 15 นาทีที่แล้ว,ไฟถนนในซอยสามเสน 30 ไม่ติด มืด มาก แจ้ง เรื่อง ไป ตั้งแต่ปีที่แล้ว ยังไม่ได้รับการแก้ไข มีแต่ส่งเรื่...เพิ่มเติม,ดำเนินการ: -,,"ไฟฟ้า, อุปกรณ์ชำรุด",0,https://storage.googleapis.com/traffy_public_bucket/attachment/2025-05/09fc0f538ebfb8cb73156f53548f4b37.jpg,13.790959698269301,100.51690726759138,kafka,2025-05-06T15:44:37.617860
2025-Z8L48K,6 พ.ค. 68 21:05 น.,โรงเรียนโชคชัย 268 ถ. หทัยราษฎร์ แขวงบางชัน เขตคลองสามวา กรุงเทพมหานคร 10510 ประเทศไทย,เขตคลองสามวา,แขวงบางชัน,รอรับเรื่อง 17 นาทีที่แล้ว,"📢🔊🚥แจ้งป้ายไฟสัญญานจราจรทางข้ามขัดข้อง ดับสนิท ทุกจุด😱
*️⃣หมายเลข ตามภาพแนบ
💥👉ส่งต่อ สำนักการจ...เพิ่มเติม",ดำเนินการ: -,,"อุปกรณ์ชำรุด, ถนน",0,https://storage.googleapis.com/traffy_public_bucket/attachment/2025-05/db5c68b6c5d32f35f349dea8b4cc5264.jpg,13.848426762685051,100.7210599026278,kafka,2025-05-06T15:44:37.619859
BCR7HD,6 พ.ค. 68 21:05 น.,19/553 ซ. นวมินทร์ 26 แยก 1 แขวงคลองกุ่ม เขตบึงกุ่ม กรุงเทพมหานคร 10240 ประเทศไทย,เขตบึงกุ่ม,แขวงคลองกุ่ม,ส่งต่อ 18 นาทีที่แล้ว,ปัญหา: ห้องแถว เลขที่ 19/580 ภายในซอยดังกล่าว พบสุนัขเห่าส่งเสียงดังในยามวิกาล พบเห็นเป็นประจำบ่อยคร...เพิ่มเติม,ดำเนินการ: -,,เสียง,0,https://storage.googleapis.com/traffy_public_bucket/attachment/2025-05/f25e474b6731007e1f502644989f72fe.jpg,13.79268134274555,100.6563356572833,kafka,2025-05-06T15:44:37.620862
JMFJ3L,6 พ.ค. 68 21:22 น.,410/502 ซ. ประชาอุทิศ 33 แขวงบางมด เขตทุ่งครุ กรุงเทพมหานคร 10140 ประเทศไทย,เขตทุ่งครุ,แขวงบางมด,ส่งต่อ 43 วินาทีที่แล้ว,ปัญหา: ตลอดทั้งซอยย่อย ภายในหมู่บ้านดังกล่าว พนักงานเก็บขนขยะมูลฝอย ไม่เข้าเก็บขนขยะมูลฝอย เป็นเวลาป...เพิ่มเติม,ดำเนินการ:,,ความสะอาด,0,https://storage.googleapis.com/traffy_public_bucket/attachment/2025-05/2c677c4fe9ebf4977d55a57fafb906f4.jpg,13.65528677617185,100.50838670325349,kafka,2025-05-06T15:44:37.621861
2025-2AXTAL,6 พ.ค. 68 21:21 น.,1509 ถ. เจริญกรุง แขวงยานนาวา เขตสาทร กรุงเทพมหานคร 10120 ประเทศไทย,เขตสาทร,แขวงยานนาวา,รอรับเรื่อง 5 นาทีที่แล้ว,ไฟคนข้ามถนนสีแดง หน้าสาธรนาฬิกา ชำรุด,ดำเนินการ: -,,"อุปกรณ์ชำรุด, ผิดกฎจราจร",0,https://storage.googleapis.com/traffy_public_bucket/attachment/2025-05/fa03e1343087027bfd99ebb0d92cb264.jpg,13.7182733246431,100.51524156540529,kafka,2025-05-06T15:44:37.623859
2025-TM7MG9,6 พ.ค. 68 21:20 น.,PG97+733 แขวงสีลม เขตบางรัก กรุงเทพมหานคร 10120 ประเทศไทย,เขตบางรัก,แขวงสีลม,รอรับเรื่อง 5 นาทีที่แล้ว,เรือดินเนอร์เปิดเสียงดัง ทำลายบรรยากาศอันสงบริมแม่น้ำเจ้าพระยา ฝากหน่วยงานที่กำกับดูแล ตักเตือน หรือ...เพิ่มเติม,ดำเนินการ: -,,"เสียง, สถานบันเทิง",0,https://storage.googleapis.com/traffy_public_bucket/attachment/2025-05/2fc549fe18f648149ade5d502f7c1cf2.jpg,13.71837834007345,100.5157723915899,kafka,2025-05-06T15:44:37.624861
2025-9JG7U8,6 พ.ค. 68 21:19 น.,2074 ถ. เจริญกรุง แขวงวัดพระยาไกร เขตบางคอแหลม กรุงเทพมหานคร 10120 ประเทศไทย,เขตบางคอแหลม,แขวงวัดพระยาไกร,รอรับเรื่อง 6 นาทีที่แล้ว,แจ้งปัญหาพื้นทรุดเป็นโพรง,ดำเนินการ: -,,"อาคารสถานที่ชำรุด, จุดเสี่ยง, อื่นๆ",0,https://storage.googleapis.com/traffy_public_bucket/attachment/2025-05/44454cc064e1bba9cbb6b1f3660be4b6.jpg,13.70758857,100.5059707,kafka,2025-05-06T15:44:37.625859
2025-YY2AV6,6 พ.ค. 68 21:18 น.,"Nathong Restaurant, แขวงสามเสนนอก เขตห้วยขวาง กรุงเทพมหานคร 10310 ประเทศไทย",เขตห้วยขวาง,แขวงสามเสนนอก,รอรับเรื่อง 8 นาทีที่แล้ว,ตั้งวางกอง ไม่เก็บ ไม่มีมาตรการด้านความปลอดภัย,ดำเนินการ: -,,"ความสะอาด, จุดเสี่ยง, อื่นๆ",0,https://storage.googleapis.com/traffy_public_bucket/attachment/2025-05/c8989bf4fbfeeded282cae2c54f5ef2e.jpg,13.782554098945099,100.58736300070154,kafka,2025-05-06T15:44:37.626859
2025-HRLLVZ,6 พ.ค. 68 21:18 น.,515 ถ. หทัยราษฎร์ แขวงบางชัน เขตคลองสามวา กรุงเทพมหานคร 10510 ประเทศไทย,เขตคลองสามวา,แขวงบางชัน,รอรับเรื่อง 8 นาทีที่แล้ว,"📢🔊🚥แจ้งป้ายไฟสัญญานจราจรทางข้ามขัดข้อง ไฟกระพริบดับ😱
*️⃣หมายเลข ตามภาพแนบ
💥👉ส่งต่อ สำนักการจรา...เพิ่มเติม",ดำเนินการ: -,,"อุปกรณ์ชำรุด, ถนน",0,https://storage.googleapis.com/traffy_public_bucket/attachment/2025-05/f19f2a50d2c9193dc8d638b4216f7f14.jpg,13.8473877303652,100.720718353987,kafka,2025-05-06T15:44:37.628863
JMFJ3L,6 พ.ค. 68 21:22 น.,410/502 ซ. ประชาอุทิศ 33 แขวงบางมด เขตทุ่งครุ กรุงเทพมหานคร 10140 ประเทศไทย,เขตทุ่งครุ,แขวงบางมด,ส่งต่อ 6 นาทีที่แล้ว,ปัญหา: ตลอดทั้งซอยย่อย ภายในหมู่บ้านดังกล่าว พนักงานเก็บขนขยะมูลฝอย ไม่เข้าเก็บขนขยะมูลฝอย เป็นเวลาป...เพิ่มเติม,ดำเนินการ:,,ความสะอาด,0,https://storage.googleapis.com/traffy_public_bucket/attachment/2025-05/2c677c4fe9ebf4977d55a57fafb906f4.jpg,13.65528677617185,100.50838670325349,kafka,2025-05-06T15:44:37.629859
2025-2AXTAL,6 พ.ค. 68 21:21 น.,1509 ถ. เจริญกรุง แขวงยานนาวา เขตสาทร กรุงเทพมหานคร 10120 ประเทศไทย,เขตสาทร,แขวงยานนาวา,รอรับเรื่อง 11 นาทีที่แล้ว,ไฟคนข้ามถนนสีแดง หน้าสาธรนาฬิกา ชำรุด,ดำเนินการ: -,,"อุปกรณ์ชำรุด, ผิดกฎจราจร",0,https://storage.googleapis.com/traffy_public_bucket/attachment/2025-05/fa03e1343087027bfd99ebb0d92cb264.jpg,13.7182733246431,100.51524156540529,kafka,2025-05-06T15:44:37.630860
2025-TM7MG9,6 พ.ค. 68 21:20 น.,PG97+733 แขวงสีลม เขตบางรัก กรุงเทพมหานคร 10120 ประเทศไทย,เขตบางรัก,แขวงสีลม,รอรับเรื่อง 11 นาทีที่แล้ว,เรือดินเนอร์เปิดเสียงดัง ทำลายบรรยากาศอันสงบริมแม่น้ำเจ้าพระยา ฝากหน่วยงานที่กำกับดูแล ตักเตือน หรือ...เพิ่มเติม,ดำเนินการ: -,,"เสียง, สถานบันเทิง",0,https://storage.googleapis.com/traffy_public_bucket/attachment/2025-05/2fc549fe18f648149ade5d502f7c1cf2.jpg,13.71837834007345,100.5157723915899,kafka,2025-05-06T15:44:37.631859
2025-9JG7U8,6 พ.ค. 68 21:19 น.,2074 ถ. เจริญกรุง แขวงวัดพระยาไกร เขตบางคอแหลม กรุงเทพมหานคร 10120 ประเทศไทย,เขตบางคอแหลม,แขวงวัดพระยาไกร,รอรับเรื่อง 12 นาทีที่แล้ว,แจ้งปัญหาพื้นทรุดเป็นโพรง,ดำเนินการ: -,,"อาคารสถานที่ชำรุด, จุดเสี่ยง, อื่นๆ",0,https://storage.googleapis.com/traffy_public_bucket/attachment/2025-05/44454cc064e1bba9cbb6b1f3660be4b6.jpg,13.70758857,100.5059707,kafka,2025-05-06T15:44:37.633860
2025-YY2AV6,6 พ.ค. 68 21:18 น.,"Nathong Restaurant, แขวงสามเสนนอก เขตห้วยขวาง กรุงเทพมหานคร 10310 ประเทศไทย",เขตห้วยขวาง,แขวงสามเสนนอก,รอรับเรื่อง 13 นาทีที่แล้ว,ตั้งวางกอง ไม่เก็บ ไม่มีมาตรการด้านความปลอดภัย,ดำเนินการ: -,,"ความสะอาด, จุดเสี่ยง, อื่นๆ",0,https://storage.googleapis.com/traffy_public_bucket/attachment/2025-05/c8989bf4fbfeeded282cae2c54f5ef2e.jpg,13.782554098945099,100.58736300070154,kafka,2025-05-06T15:44:37.634863
2025-HRLLVZ,6 พ.ค. 68 21:18 น.,515 ถ. หทัยราษฎร์ แขวงบางชัน เขตคลองสามวา กรุงเทพมหานคร 10510 ประเทศไทย,เขตคลองสามวา,แขวงบางชัน,รอรับเรื่อง 13 นาทีที่แล้ว,"📢🔊🚥แจ้งป้ายไฟสัญญานจราจรทางข้ามขัดข้อง ไฟกระพริบดับ😱
*️⃣หมายเลข ตามภาพแนบ
💥👉ส่งต่อ สำนักการจรา...เพิ่มเติม",ดำเนินการ: -,,"อุปกรณ์ชำรุด, ถนน",0,https://storage.googleapis.com/traffy_public_bucket/attachment/2025-05/f19f2a50d2c9193dc8d638b4216f7f14.jpg,13.8473877303652,100.720718353987,kafka,2025-05-06T15:44:37.635862
JMFJ3L,6 พ.ค. 68 21:22 น.,410/502 ซ. ประชาอุทิศ 33 แขวงบางมด เขตทุ่งครุ กรุงเทพมหานคร 10140 ประเทศไทย,เขตทุ่งครุ,แขวงบางมด,ส่งต่อ 9 นาทีที่แล้ว,ปัญหา: ตลอดทั้งซอยย่อย ภายในหมู่บ้านดังกล่าว พนักงานเก็บขนขยะมูลฝอย ไม่เข้าเก็บขนขยะมูลฝอย เป็นเวลาป...เพิ่มเติม,ดำเนินการ:,,ความสะอาด,0,https://storage.googleapis.com/traffy_public_bucket/attachment/2025-05/2c677c4fe9ebf4977d55a57fafb906f4.jpg,13.65528677617185,100.50838670325349,kafka,2025-05-06T15:44:37.637860
2025-2AXTAL,6 พ.ค. 68 21:21 น.,1509 ถ. เจริญกรุง แขวงยานนาวา เขตสาทร กรุงเทพมหานคร 10120 ประเทศไทย,เขตสาทร,แขวงยานนาวา,รอรับเรื่อง 14 นาทีที่แล้ว,ไฟคนข้ามถนนสีแดง หน้าสาธรนาฬิกา ชำรุด,ดำเนินการ: -,,"อุปกรณ์ชำรุด, ผิดกฎจราจร",0,https://storage.googleapis.com/traffy_public_bucket/attachment/2025-05/fa03e1343087027bfd99ebb0d92cb264.jpg,13.7182733246431,100.51524156540529,kafka,2025-05-06T15:44:37.638859
2025-TM7MG9,6 พ.ค. 68 21:20 น.,PG97+733 แขวงสีลม เขตบางรัก กรุงเทพมหานคร 10120 ประเทศไทย,เขตบางรัก,แขวงสีลม,รอรับเรื่อง 14 นาทีที่แล้ว,เรือดินเนอร์เปิดเสียงดัง ทำลายบรรยากาศอันสงบริมแม่น้ำเจ้าพระยา ฝากหน่วยงานที่กำกับดูแล ตักเตือน หรือ...เพิ่มเติม,ดำเนินการ: -,,"เสียง, สถานบันเทิง",0,https://storage.googleapis.com/traffy_public_bucket/attachment/2025-05/2fc549fe18f648149ade5d502f7c1cf2.jpg,13.71837834007345,100.5157723915899,kafka,2025-05-06T15:44:37.639859
2025-9JG7U8,6 พ.ค. 68 21:19 น.,2074 ถ. เจริญกรุง แขวงวัดพระยาไกร เขตบางคอแหลม กรุงเทพมหานคร 10120 ประเทศไทย,เขตบางคอแหลม,แขวงวัดพระยาไกร,รอรับเรื่อง 15 นาทีที่แล้ว,แจ้งปัญหาพื้นทรุดเป็นโพรง,ดำเนินการ: -,,"อาคารสถานที่ชำรุด, จุดเสี่ยง, อื่นๆ",0,https://storage.googleapis.com/traffy_public_bucket/attachment/2025-05/44454cc064e1bba9cbb6b1f3660be4b6.jpg,13.70758857,100.5059707,kafka,2025-05-06T15:44:37.640859
2025-YY2AV6,6 พ.ค. 68 21:18 น.,"Nathong Restaurant, แขวงสามเสนนอก เขตห้วยขวาง กรุงเทพมหานคร 10310 ประเทศไทย",เขตห้วยขวาง,แขวงสามเสนนอก,รอรับเรื่อง 16 นาทีที่แล้ว,ตั้งวางกอง ไม่เก็บ ไม่มีมาตรการด้านความปลอดภัย,ดำเนินการ: -,,"ความสะอาด, จุดเสี่ยง, อื่นๆ",0,https://storage.googleapis.com/traffy_public_bucket/attachment/2025-05/c8989bf4fbfeeded282cae2c54f5ef2e.jpg,13.782554098945099,100.58736300070154,kafka,2025-05-06T15:44:37.642859
2025-HRLLVZ,6 พ.ค. 68 21:18 น.,515 ถ. หทัยราษฎร์ แขวงบางชัน เขตคลองสามวา กรุงเทพมหานคร 10510 ประเทศไทย,เขตคลองสามวา,แขวงบางชัน,รอรับเรื่อง 16 นาทีที่แล้ว,"📢🔊🚥แจ้งป้ายไฟสัญญานจราจรทางข้ามขัดข้อง ไฟกระพริบดับ😱
*️⃣หมายเลข ตามภาพแนบ
💥👉ส่งต่อ สำนักการจรา...เพิ่มเติม",ดำเนินการ: -,,"อุปกรณ์ชำรุด, ถนน",0,https://storage.googleapis.com/traffy_public_bucket/attachment/2025-05/f19f2a50d2c9193dc8d638b4216f7f14.jpg,13.8473877303652,100.720718353987,kafka,2025-05-06T15:44:37.643860
2025-YVT2UZ,6 พ.ค. 68 21:36 น.,493 ถนน รามคำแหง แขวงหัวหมาก บางกะปิ กรุงเทพมหานคร 10240 ประเทศไทย,แขวงหัวหมาก,,รอรับเรื่อง 2 นาทีที่แล้ว,ขอแจ้งปัญหาความไม่สะดวก และความไม่ปลอดภัย บริเวณ ซอยรามคำแหง 53/1 ( หน้าธนาคารทหารไทย ) ดังนี้ ด้านซ...เพิ่มเติม,ดำเนินการ: -,,"ทางเท้า, หาบเร่แผงลอย, สายสื่อสาร, จุดเสี่ยง",0,https://storage.googleapis.com/traffy_public_bucket/attachment/2025-05/b7596ec7a30c84c282954698cace18e3.jpg,13.7547621861301,100.645283449218,kafka,2025-05-06T15:44:37.644859
2025-M6JM4C,6 พ.ค. 68 21:35 น.,111 ถนน ราชดำริ ลุมพินี เขตปทุมวัน กรุงเทพมหานคร 10330 ประเทศไทย,เขตปทุมวัน,,รอรับเรื่อง 2 นาทีที่แล้ว,หน้าเซ็นทรัลเวิลด์ตรงเวลาเลื่อนมีคนขอทานมานั่งขอทานฝากที่เทศกิจมาดูด้วยนะครับแทบทุกวันเลยครับ,ดำเนินการ: -,,"คนเร่ร่อน, ความสะอาด, อื่นๆ",0,https://storage.googleapis.com/traffy_public_bucket/attachment/2025-05/fad53477e9739131fd10faf5156e3db7.jpg,13.7479596159671,100.542212241606,kafka,2025-05-06T15:44:37.645861
2025-LWKRVG,6 พ.ค. 68 21:35 น.,432/866 ซอย หมู่บ้านวิเศษสุขนคร 18/16 แขวงทุ่งครุ เขตทุ่งครุ กรุงเทพมหานคร 10140 ประเทศไทย,เขตทุ่งครุ,แขวงทุ่งครุ,รอรับเรื่อง 2 นาทีที่แล้ว,ความเดือนร้อน ! การทำท่อ เข้าใจเสมอมาว่าทำท่อ ต้องเดือดร้อนตั้งแต่เริ่มทำวันแรก เพราะอยู่ท้ายซอย ตั้...เพิ่มเติม,ดำเนินการ: -,,"ถนน, ขอความช่วยเหลือ, อื่นๆ",0,https://storage.googleapis.com/traffy_public_bucket/attachment/2025-05/6aae2824360ac80a7665eece1d883e25.jpg,13.6109100434923,100.51216877657593,kafka,2025-05-06T15:44:37.646861
2025-9G87Z4,6 พ.ค. 68 21:35 น.,14/2 ซอย แม่เนี้ยว แยก 4 แขวงรัชดาภิเษก เขตดินแดง กรุงเทพมหานคร 10400 ประเทศไทย,เขตดินแดง,แขวงรัชดาภิเษก,รอรับเรื่อง 2 นาทีที่แล้ว,รถขยะ มาเก็บขยะในซอย แต่มาจอดนานมากประมาณ 1 ชั่วโมง เนื่องจากพนักงานมัวแต่คัดขวดไปขาย ทำให้การจัดเก็...เพิ่มเติม,ดำเนินการ: -,,"ความสะอาด, ถนน",0,https://storage.googleapis.com/traffy_public_bucket/attachment/2025-05/be298726f2536110a976fed668de5a2a.jpg,13.7722830572084,100.55913636272831,kafka,2025-05-06T15:44:37.648862
2025-A9EV4F,6 พ.ค. 68 21:34 น.,64/123 ถนน สวนผัก แขวงฉิมพลี เขตตลิ่งชัน กรุงเทพมหานคร 10170 ประเทศไทย,เขตตลิ่งชัน,แขวงฉิมพลี,รอรับเรื่อง 3 นาทีที่แล้ว,มีการขุดเจาะถนนเสียงดังรบกวน เสียงดังมาก ในเวลานี้,ดำเนินการ: -,,"เสียง, ถนน, อื่นๆ",0,https://storage.googleapis.com/traffy_public_bucket/attachment/2025-05/bee1ceaf1cfe2497f5ea7a8bdf239fac.jpg,13.792772224512149,100.42667465649954,kafka,2025-05-06T15:44:37.649859
2025-KE4LV4,6 พ.ค. 68 21:34 น.,29/22 ถ. เพิ่มสิน แขวงคลองถนน เขตสายไหม กรุงเทพมหานคร 10220 ประเทศไทย,เขตสายไหม,แขวงคลองถนน,รอรับเรื่อง 3 นาทีที่แล้ว,เสียงเพลงรถกะบะเปิดดังรบกวนเสียงเบสเสียงหนักๆ,ดำเนินการ: -,,เสียง,0,https://storage.googleapis.com/traffy_public_bucket/attachment/2025-05/6984c79e28c86b4da4cea2a56a7d5484.jpg,13.9001967028341,100.632537372188,kafka,2025-05-06T15:44:37.650859
2025-YVT2UZ,6 พ.ค. 68 21:36 น.,493 ถนน รามคำแหง แขวงหัวหมาก บางกะปิ กรุงเทพมหานคร 10240 ประเทศไทย,แขวงหัวหมาก,,รอรับเรื่อง 5 นาทีที่แล้ว,ขอแจ้งปัญหาความไม่สะดวก และความไม่ปลอดภัย บริเวณ ซอยรามคำแหง 53/1 ( หน้าธนาคารทหารไทย ) ดังนี้ ด้านซ...เพิ่มเติม,ดำเนินการ: -,,"ทางเท้า, หาบเร่แผงลอย, สายสื่อสาร, จุดเสี่ยง",0,https://storage.googleapis.com/traffy_public_bucket/attachment/2025-05/b7596ec7a30c84c282954698cace18e3.jpg,13.7547621861301,100.645283449218,kafka,2025-05-06T15:44:37.651860
2025-M6JM4C,6 พ.ค. 68 21:35 น.,111 ถนน ราชดำริ ลุมพินี เขตปทุมวัน กรุงเทพมหานคร 10330 ประเทศไทย,เขตปทุมวัน,,รอรับเรื่อง 5 นาทีที่แล้ว,หน้าเซ็นทรัลเวิลด์ตรงเวลาเลื่อนมีคนขอทานมานั่งขอทานฝากที่เทศกิจมาดูด้วยนะครับแทบทุกวันเลยครับ,ดำเนินการ: -,,"คนเร่ร่อน, ความสะอาด, อื่นๆ",0,https://storage.googleapis.com/traffy_public_bucket/attachment/2025-05/fad53477e9739131fd10faf5156e3db7.jpg,13.7479596159671,100.542212241606,kafka,2025-05-06T15:44:37.653859
2025-LWKRVG,6 พ.ค. 68 21:35 น.,432/866 ซอย หมู่บ้านวิเศษสุขนคร 18/16 แขวงทุ่งครุ เขตทุ่งครุ กรุงเทพมหานคร 10140 ประเทศไทย,เขตทุ่งครุ,แขวงทุ่งครุ,รอรับเรื่อง 5 นาทีที่แล้ว,ความเดือนร้อน ! การทำท่อ เข้าใจเสมอมาว่าทำท่อ ต้องเดือดร้อนตั้งแต่เริ่มทำวันแรก เพราะอยู่ท้ายซอย ตั้...เพิ่มเติม,ดำเนินการ: -,,"ถนน, ขอความช่วยเหลือ, อื่นๆ",0,https://storage.googleapis.com/traffy_public_bucket/attachment/2025-05/6aae2824360ac80a7665eece1d883e25.jpg,13.6109100434923,100.51216877657593,kafka,2025-05-06T15:44:37.654859
2025-9G87Z4,6 พ.ค. 68 21:35 น.,14/2 ซอย แม่เนี้ยว แยก 4 แขวงรัชดาภิเษก เขตดินแดง กรุงเทพมหานคร 10400 ประเทศไทย,เขตดินแดง,แขวงรัชดาภิเษก,รอรับเรื่อง 6 นาทีที่แล้ว,รถขยะ มาเก็บขยะในซอย แต่มาจอดนานมากประมาณ 1 ชั่วโมง เนื่องจากพนักงานมัวแต่คัดขวดไปขาย ทำให้การจัดเก็...เพิ่มเติม,ดำเนินการ: -,,"ความสะอาด, ถนน",0,https://storage.googleapis.com/traffy_public_bucket/attachment/2025-05/be298726f2536110a976fed668de5a2a.jpg,13.7722830572084,100.55913636272831,kafka,2025-05-06T15:44:37.655863
2025-A9EV4F,6 พ.ค. 68 21:34 น.,64/123 ถนน สวนผัก แขวงฉิมพลี เขตตลิ่งชัน กรุงเทพมหานคร 10170 ประเทศไทย,เขตตลิ่งชัน,แขวงฉิมพลี,รอรับเรื่อง 6 นาทีที่แล้ว,มีการขุดเจาะถนนเสียงดังรบกวน เสียงดังมาก ในเวลานี้,ดำเนินการ: -,,"เสียง, ถนน, อื่นๆ",0,https://storage.googleapis.com/traffy_public_bucket/attachment/2025-05/bee1ceaf1cfe2497f5ea7a8bdf239fac.jpg,13.792772224512149,100.42667465649954,kafka,2025-05-06T15:44:37.656862
2025-KE4LV4,6 พ.ค. 68 21:34 น.,29/22 ถ. เพิ่มสิน แขวงคลองถนน เขตสายไหม กรุงเทพมหานคร 10220 ประเทศไทย,เขตสายไหม,แขวงคลองถนน,รอรับเรื่อง 7 นาทีที่แล้ว,เสียงเพลงรถกะบะเปิดดังรบกวนเสียงเบสเสียงหนักๆ,ดำเนินการ: -,,เสียง,0,https://storage.googleapis.com/traffy_public_bucket/attachment/2025-05/6984c79e28c86b4da4cea2a56a7d5484.jpg,13.9001967028341,100.632537372188,kafka,2025-05-06T15:44:37.658859
2025-YVT2UZ,6 พ.ค. 68 21:36 น.,493 ถนน รามคำแหง แขวงหัวหมาก บางกะปิ กรุงเทพมหานคร 10240 ประเทศไทย,แขวงหัวหมาก,,รอรับเรื่อง 8 นาทีที่แล้ว,ขอแจ้งปัญหาความไม่สะดวก และความไม่ปลอดภัย บริเวณ ซอยรามคำแหง 53/1 ( หน้าธนาคารทหารไทย ) ดังนี้ ด้านซ...เพิ่มเติม,ดำเนินการ: -,,"ทางเท้า, หาบเร่แผงลอย, สายสื่อสาร, จุดเสี่ยง",0,https://storage.googleapis.com/traffy_public_bucket/attachment/2025-05/b7596ec7a30c84c282954698cace18e3.jpg,13.7547621861301,100.645283449218,kafka,2025-05-06T15:44:37.659859
2025-M6JM4C,6 พ.ค. 68 21:35 น.,111 ถนน ราชดำริ ลุมพินี เขตปทุมวัน กรุงเทพมหานคร 10330 ประเทศไทย,เขตปทุมวัน,,รอรับเรื่อง 8 นาทีที่แล้ว,หน้าเซ็นทรัลเวิลด์ตรงเวลาเลื่อนมีคนขอทานมานั่งขอทานฝากที่เทศกิจมาดูด้วยนะครับแทบทุกวันเลยครับ,ดำเนินการ: -,,"คนเร่ร่อน, ความสะอาด, อื่นๆ",0,https://storage.googleapis.com/traffy_public_bucket/attachment/2025-05/fad53477e9739131fd10faf5156e3db7.jpg,13.7479596159671,100.542212241606,kafka,2025-05-06T15:44:37.660859
2025-LWKRVG,6 พ.ค. 68 21:35 น.,432/866 ซอย หมู่บ้านวิเศษสุขนคร 18/16 แขวงทุ่งครุ เขตทุ่งครุ กรุงเทพมหานคร 10140 ประเทศไทย,เขตทุ่งครุ,แขวงทุ่งครุ,รอรับเรื่อง 9 นาทีที่แล้ว,ความเดือนร้อน ! การทำท่อ เข้าใจเสมอมาว่าทำท่อ ต้องเดือดร้อนตั้งแต่เริ่มทำวันแรก เพราะอยู่ท้ายซอย ตั้...เพิ่มเติม,ดำเนินการ: -,,"ถนน, ขอความช่วยเหลือ, อื่นๆ",0,https://storage.googleapis.com/traffy_public_bucket/attachment/2025-05/6aae2824360ac80a7665eece1d883e25.jpg,13.6109100434923,100.51216877657593,kafka,2025-05-06T15:44:37.661859
2025-9G87Z4,6 พ.ค. 68 21:35 น.,14/2 ซอย แม่เนี้ยว แยก 4 แขวงรัชดาภิเษก เขตดินแดง กรุงเทพมหานคร 10400 ประเทศไทย,เขตดินแดง,แขวงรัชดาภิเษก,รอรับเรื่อง 9 นาทีที่แล้ว,รถขยะ มาเก็บขยะในซอย แต่มาจอดนานมากประมาณ 1 ชั่วโมง เนื่องจากพนักงานมัวแต่คัดขวดไปขาย ทำให้การจัดเก็...เพิ่มเติม,ดำเนินการ: -,,"ความสะอาด, ถนน",0,https://storage.googleapis.com/traffy_public_bucket/attachment/2025-05/be298726f2536110a976fed668de5a2a.jpg,13.7722830572084,100.55913636272831,kafka,2025-05-06T15:44:37.663862
2025-A9EV4F,6 พ.ค. 68 21:34 น.,64/123 ถนน สวนผัก แขวงฉิมพลี เขตตลิ่งชัน กรุงเทพมหานคร 10170 ประเทศไทย,เขตตลิ่งชัน,แขวงฉิมพลี,รอรับเรื่อง 9 นาทีที่แล้ว,มีการขุดเจาะถนนเสียงดังรบกวน เสียงดังมาก ในเวลานี้,ดำเนินการ: -,,"เสียง, ถนน, อื่นๆ",0,https://storage.googleapis.com/traffy_public_bucket/attachment/2025-05/bee1ceaf1cfe2497f5ea7a8bdf239fac.jpg,13.792772224512149,100.42667465649954,kafka,2025-05-06T15:44:37.664861
2025-KE4LV4,6 พ.ค. 68 21:34 น.,29/22 ถ. เพิ่มสิน แขวงคลองถนน เขตสายไหม กรุงเทพมหานคร 10220 ประเทศไทย,เขตสายไหม,แขวงคลองถนน,รอรับเรื่อง 10 นาทีที่แล้ว,เสียงเพลงรถกะบะเปิดดังรบกวนเสียงเบสเสียงหนักๆ,ดำเนินการ: -,,เสียง,0,https://storage.googleapis.com/traffy_public_bucket/attachment/2025-05/6984c79e28c86b4da4cea2a56a7d5484.jpg,13.9001967028341,100.632537372188,kafka,2025-05-06T15:44:37.665859
2025-X7KLTW,6 พ.ค. 68 21:47 น.,โกวิทคาม แขวง หิรัญรูจี เขตธนบุรี กรุงเทพมหานคร 10600 ประเทศไทย,เขตธนบุรี,,รอรับเรื่อง 1 นาทีที่แล้ว,สายฟ้าอยู่ตำแหน่งต่ำ อันตรายต่อผู้ใช้รถใช้ถนน,ดำเนินการ: -,,"อุปกรณ์ชำรุด, จุดเสี่ยง, อื่นๆ",0,https://storage.googleapis.com/traffy_public_bucket/attachment/2025-05/7fdd1f52400406f34b5840159e4a6479.jpg,13.73129863427345,100.4902634997363,kafka,2025-05-06T15:44:37.667842
2025-BMWL9Y,6 พ.ค. 68 21:46 น.,โกวิทคาม แขวง หิรัญรูจี เขตธนบุรี กรุงเทพมหานคร 10600 ประเทศไทย,เขตธนบุรี,,รอรับเรื่อง 1 นาทีที่แล้ว,สายฟ้าอยู่ตำแหน่งต่ำ อันตรายต่อผู้ใช้รถใช้ถนน,ดำเนินการ: -,,อุปกรณ์ชำรุด,0,https://storage.googleapis.com/traffy_public_bucket/attachment/2025-05/f6f35c56d308a83c2ed94228b80a6509.jpg,13.73129863427345,100.4902634997363,kafka,2025-05-06T15:44:37.668845
2025-49A2HG,6 พ.ค. 68 21:46 น.,1 ซ. ราษฎร์พัฒนา 15 แยก 2 แขวงสะพานสูง สะพานสูง กรุงเทพมหานคร 10240 ประเทศไทย,แขวงสะพานสูง,,รอรับเรื่อง 1 นาทีที่แล้ว,บุกรุกที่สาธารณะและบุกรุกที่ริมคลอง ทำให้น้ำไหลไม่ลื่นขอให้ช่วยแก้ไขด้วยครับ อยากให้ดำเนินการแจ้งผู้...เพิ่มเติม,ดำเนินการ: -,,อื่นๆ,0,https://storage.googleapis.com/traffy_public_bucket/attachment/2025-05/d8fc82a7c8cc990a5ec5bd6aabd9bb6a.jpg,13.768052,100.695232,kafka,2025-05-06T15:44:37.669845
2025-ZYK8D7,6 พ.ค. 68 21:45 น.,เอ็ม บี เค เซ็นเตอร์ แขวงวังใหม่ เขตปทุมวัน กรุงเทพมหานคร 10330 ประเทศไทย,เขตปทุมวัน,แขวงวังใหม่,รอรับเรื่อง 2 นาทีที่แล้ว,ฟุตบาทบริเวณป้ายรถเมล์มาบุญครองทำรุด,ดำเนินการ: -,,"ทางเท้า, อุปกรณ์ชำรุด, อาคารสถานที่ชำรุด",0,https://storage.googleapis.com/traffy_public_bucket/attachment/2025-05/38bc0cef856a13195e8c272d15ae2b7e.jpg,13.735023504842,100.526643097455,kafka,2025-05-06T15:44:37.670843
2025-FVDBU9,6 พ.ค. 68 21:43 น.,30 ถ. สุทธิสารวินิจฉัย แขวงสามเสนใน เขตพญาไท กรุงเทพมหานคร 10400 ประเทศไทย,เขตพญาไท,แขวงสามเสนใน,รอรับเรื่อง 4 นาทีที่แล้ว,ทางม้าลายข้ามแยก ตอนกลางคืนมืดมาก อันตรายกับประชาชนที่ต้องข้ามถนนตอนกลางคืน ควรติดไฟให้สว่างไสว เพื่...เพิ่มเติม,ดำเนินการ: -,,"ถนน, อุปกรณ์ชำรุด, จุดเสี่ยง",0,https://storage.googleapis.com/traffy_public_bucket/attachment/2025-05/5ed90670cb1555bdb14c8af7f3f377b2.jpg,13.7853970050723,100.5566595114891,kafka,2025-05-06T15:44:37.672842
2025-VKACPW,6 พ.ค. 68 21:43 น.,"Metropolitan Electricity Authority, Ramkhamhaeng Road, Suan Luang, Khet Suan Luang, Bangkok, 10250, แขวงสวนหลวง เขตสวนหลวง กรุงเทพมหานคร 10250 ประเทศไทย",เขตสวนหลวง,แขวงสวนหลวง,รอรับเรื่อง 4 นาทีที่แล้ว,มีร้านขายของ มาขายหน้าทางเข้าออก การไฟฟ้า ซึ่งเป็นการกีดขวางทางเข้าออกของรถ ทำให้เสียทางเข้าออกไป 1 ...เพิ่มเติม,ดำเนินการ: -,,"หาบเร่แผงลอย, ถนน, จุดเสี่ยง",0,https://storage.googleapis.com/traffy_public_bucket/attachment/2025-05/70d4792665de8067ddf26b290a792ba0.jpg,13.7290084943096,100.61685198484906,kafka,2025-05-06T15:44:37.673843
2025-X7KLTW,6 พ.ค. 68 21:47 น.,โกวิทคาม แขวง หิรัญรูจี เขตธนบุรี กรุงเทพมหานคร 10600 ประเทศไทย,เขตธนบุรี,,รอรับเรื่อง 4 นาทีที่แล้ว,สายฟ้าอยู่ตำแหน่งต่ำ อันตรายต่อผู้ใช้รถใช้ถนน,ดำเนินการ: -,,"อุปกรณ์ชำรุด, จุดเสี่ยง, อื่นๆ",0,https://storage.googleapis.com/traffy_public_bucket/attachment/2025-05/7fdd1f52400406f34b5840159e4a6479.jpg,13.73129863427345,100.4902634997363,kafka,2025-05-06T15:44:37.674843
2025-BMWL9Y,6 พ.ค. 68 21:46 น.,โกวิทคาม แขวง หิรัญรูจี เขตธนบุรี กรุงเทพมหานคร 10600 ประเทศไทย,เขตธนบุรี,,รอรับเรื่อง 4 นาทีที่แล้ว,สายฟ้าอยู่ตำแหน่งต่ำ อันตรายต่อผู้ใช้รถใช้ถนน,ดำเนินการ: -,,อุปกรณ์ชำรุด,0,https://storage.googleapis.com/traffy_public_bucket/attachment/2025-05/f6f35c56d308a83c2ed94228b80a6509.jpg,13.73129863427345,100.4902634997363,kafka,2025-05-06T15:44:37.676848
2025-49A2HG,6 พ.ค. 68 21:46 น.,1 ซ. ราษฎร์พัฒนา 15 แยก 2 แขวงสะพานสูง สะพานสูง กรุงเทพมหานคร 10240 ประเทศไทย,แขวงสะพานสูง,,รอรับเรื่อง 4 นาทีที่แล้ว,บุกรุกที่สาธารณะและบุกรุกที่ริมคลอง ทำให้น้ำไหลไม่ลื่นขอให้ช่วยแก้ไขด้วยครับ อยากให้ดำเนินการแจ้งผู้...เพิ่มเติม,ดำเนินการ: -,,อื่นๆ,0,https://storage.googleapis.com/traffy_public_bucket/attachment/2025-05/d8fc82a7c8cc990a5ec5bd6aabd9bb6a.jpg,13.768052,100.695232,kafka,2025-05-06T15:44:37.677843
2025-ZYK8D7,6 พ.ค. 68 21:45 น.,เอ็ม บี เค เซ็นเตอร์ แขวงวังใหม่ เขตปทุมวัน กรุงเทพมหานคร 10330 ประเทศไทย,เขตปทุมวัน,แขวงวังใหม่,รอรับเรื่อง 5 นาทีที่แล้ว,ฟุตบาทบริเวณป้ายรถเมล์มาบุญครองทำรุด,ดำเนินการ: -,,"ทางเท้า, อุปกรณ์ชำรุด, อาคารสถานที่ชำรุด",0,https://storage.googleapis.com/traffy_public_bucket/attachment/2025-05/38bc0cef856a13195e8c272d15ae2b7e.jpg,13.735023504842,100.526643097455,kafka,2025-05-06T15:44:37.678842
2025-FVDBU9,6 พ.ค. 68 21:43 น.,30 ถ. สุทธิสารวินิจฉัย แขวงสามเสนใน เขตพญาไท กรุงเทพมหานคร 10400 ประเทศไทย,เขตพญาไท,แขวงสามเสนใน,รอรับเรื่อง 8 นาทีที่แล้ว,ทางม้าลายข้ามแยก ตอนกลางคืนมืดมาก อันตรายกับประชาชนที่ต้องข้ามถนนตอนกลางคืน ควรติดไฟให้สว่างไสว เพื่...เพิ่มเติม,ดำเนินการ: -,,"ถนน, อุปกรณ์ชำรุด, จุดเสี่ยง",0,https://storage.googleapis.com/traffy_public_bucket/attachment/2025-05/5ed90670cb1555bdb14c8af7f3f377b2.jpg,13.7853970050723,100.5566595114891,kafka,2025-05-06T15:44:37.680405
2025-VKACPW,6 พ.ค. 68 21:43 น.,"Metropolitan Electricity Authority, Ramkhamhaeng Road, Suan Luang, Khet Suan Luang, Bangkok, 10250, แขวงสวนหลวง เขตสวนหลวง กรุงเทพมหานคร 10250 ประเทศไทย",เขตสวนหลวง,แขวงสวนหลวง,รอรับเรื่อง 8 นาทีที่แล้ว,มีร้านขายของ มาขายหน้าทางเข้าออก การไฟฟ้า ซึ่งเป็นการกีดขวางทางเข้าออกของรถ ทำให้เสียทางเข้าออกไป 1 ...เพิ่มเติม,ดำเนินการ: -,,"หาบเร่แผงลอย, ถนน, จุดเสี่ยง",0,https://storage.googleapis.com/traffy_public_bucket/attachment/2025-05/70d4792665de8067ddf26b290a792ba0.jpg,13.7290084943096,100.61685198484906,kafka,2025-05-06T15:44:37.681401
2025-X7KLTW,6 พ.ค. 68 21:47 น.,โกวิทคาม แขวง หิรัญรูจี เขตธนบุรี กรุงเทพมหานคร 10600 ประเทศไทย,เขตธนบุรี,,รอรับเรื่อง 7 นาทีที่แล้ว,สายฟ้าอยู่ตำแหน่งต่ำ อันตรายต่อผู้ใช้รถใช้ถนน,ดำเนินการ: -,,"อุปกรณ์ชำรุด, จุดเสี่ยง, อื่นๆ",0,https://storage.googleapis.com/traffy_public_bucket/attachment/2025-05/7fdd1f52400406f34b5840159e4a6479.jpg,13.73129863427345,100.4902634997363,kafka,2025-05-06T15:44:37.682401
2025-BMWL9Y,6 พ.ค. 68 21:46 น.,โกวิทคาม แขวง หิรัญรูจี เขตธนบุรี กรุงเทพมหานคร 10600 ประเทศไทย,เขตธนบุรี,,รอรับเรื่อง 7 นาทีที่แล้ว,สายฟ้าอยู่ตำแหน่งต่ำ อันตรายต่อผู้ใช้รถใช้ถนน,ดำเนินการ: -,,อุปกรณ์ชำรุด,0,https://storage.googleapis.com/traffy_public_bucket/attachment/2025-05/f6f35c56d308a83c2ed94228b80a6509.jpg,13.73129863427345,100.4902634997363,kafka,2025-05-06T15:44:37.684401
2025-49A2HG,6 พ.ค. 68 21:46 น.,1 ซ. ราษฎร์พัฒนา 15 แยก 2 แขวงสะพานสูง สะพานสูง กรุงเทพมหานคร 10240 ประเทศไทย,แขวงสะพานสูง,,รอรับเรื่อง 7 นาทีที่แล้ว,บุกรุกที่สาธารณะและบุกรุกที่ริมคลอง ทำให้น้ำไหลไม่ลื่นขอให้ช่วยแก้ไขด้วยครับ อยากให้ดำเนินการแจ้งผู้...เพิ่มเติม,ดำเนินการ: -,,อื่นๆ,0,https://storage.googleapis.com/traffy_public_bucket/attachment/2025-05/d8fc82a7c8cc990a5ec5bd6aabd9bb6a.jpg,13.768052,100.695232,kafka,2025-05-06T15:44:37.685401
2025-ZYK8D7,6 พ.ค. 68 21:45 น.,เอ็ม บี เค เซ็นเตอร์ แขวงวังใหม่ เขตปทุมวัน กรุงเทพมหานคร 10330 ประเทศไทย,เขตปทุมวัน,แขวงวังใหม่,รอรับเรื่อง 8 นาทีที่แล้ว,ฟุตบาทบริเวณป้ายรถเมล์มาบุญครองทำรุด,ดำเนินการ: -,,"ทางเท้า, อุปกรณ์ชำรุด, อาคารสถานที่ชำรุด",0,https://storage.googleapis.com/traffy_public_bucket/attachment/2025-05/38bc0cef856a13195e8c272d15ae2b7e.jpg,13.735023504842,100.526643097455,kafka,2025-05-06T15:44:37.686401
2025-FVDBU9,6 พ.ค. 68 21:43 น.,30 ถ. สุทธิสารวินิจฉัย แขวงสามเสนใน เขตพญาไท กรุงเทพมหานคร 10400 ประเทศไทย,เขตพญาไท,แขวงสามเสนใน,รอรับเรื่อง 11 นาทีที่แล้ว,ทางม้าลายข้ามแยก ตอนกลางคืนมืดมาก อันตรายกับประชาชนที่ต้องข้ามถนนตอนกลางคืน ควรติดไฟให้สว่างไสว เพื่...เพิ่มเติม,ดำเนินการ: -,,"ถนน, อุปกรณ์ชำรุด, จุดเสี่ยง",0,https://storage.googleapis.com/traffy_public_bucket/attachment/2025-05/5ed90670cb1555bdb14c8af7f3f377b2.jpg,13.7853970050723,100.5566595114891,kafka,2025-05-06T15:44:37.687401
2025-VKACPW,6 พ.ค. 68 21:43 น.,"Metropolitan Electricity Authority, Ramkhamhaeng Road, Suan Luang, Khet Suan Luang, Bangkok, 10250, แขวงสวนหลวง เขตสวนหลวง กรุงเทพมหานคร 10250 ประเทศไทย",เขตสวนหลวง,แขวงสวนหลวง,รอรับเรื่อง 11 นาทีที่แล้ว,มีร้านขายของ มาขายหน้าทางเข้าออก การไฟฟ้า ซึ่งเป็นการกีดขวางทางเข้าออกของรถ ทำให้เสียทางเข้าออกไป 1 ...เพิ่มเติม,ดำเนินการ: -,,"หาบเร่แผงลอย, ถนน, จุดเสี่ยง",0,https://storage.googleapis.com/traffy_public_bucket/attachment/2025-05/70d4792665de8067ddf26b290a792ba0.jpg,13.7290084943096,100.61685198484906,kafka,2025-05-06T15:44:37.688403
2025-X7KLTW,6 พ.ค. 68 21:47 น.,โกวิทคาม แขวง หิรัญรูจี เขตธนบุรี กรุงเทพมหานคร 10600 ประเทศไทย,เขตธนบุรี,,รอรับเรื่อง 10 นาทีที่แล้ว,สายฟ้าอยู่ตำแหน่งต่ำ อันตรายต่อผู้ใช้รถใช้ถนน,ดำเนินการ: -,,"อุปกรณ์ชำรุด, จุดเสี่ยง, อื่นๆ",0,https://storage.googleapis.com/traffy_public_bucket/attachment/2025-05/7fdd1f52400406f34b5840159e4a6479.jpg,13.73129863427345,100.4902634997363,kafka,2025-05-06T15:44:37.690403
2025-BMWL9Y,6 พ.ค. 68 21:46 น.,โกวิทคาม แขวง หิรัญรูจี เขตธนบุรี กรุงเทพมหานคร 10600 ประเทศไทย,เขตธนบุรี,,รอรับเรื่อง 10 นาทีที่แล้ว,สายฟ้าอยู่ตำแหน่งต่ำ อันตรายต่อผู้ใช้รถใช้ถนน,ดำเนินการ: -,,อุปกรณ์ชำรุด,0,https://storage.googleapis.com/traffy_public_bucket/attachment/2025-05/f6f35c56d308a83c2ed94228b80a6509.jpg,13.73129863427345,100.4902634997363,kafka,2025-05-06T15:44:37.691403
2025-49A2HG,6 พ.ค. 68 21:46 น.,1 ซ. ราษฎร์พัฒนา 15 แยก 2 แขวงสะพานสูง สะพานสูง กรุงเทพมหานคร 10240 ประเทศไทย,แขวงสะพานสูง,,รอรับเรื่อง 10 นาทีที่แล้ว,บุกรุกที่สาธารณะและบุกรุกที่ริมคลอง ทำให้น้ำไหลไม่ลื่นขอให้ช่วยแก้ไขด้วยครับ อยากให้ดำเนินการแจ้งผู้...เพิ่มเติม,ดำเนินการ: -,,อื่นๆ,0,https://storage.googleapis.com/traffy_public_bucket/attachment/2025-05/d8fc82a7c8cc990a5ec5bd6aabd9bb6a.jpg,13.768052,100.695232,kafka,2025-05-06T15:44:37.692401
2025-ZYK8D7,6 พ.ค. 68 21:45 น.,เอ็ม บี เค เซ็นเตอร์ แขวงวังใหม่ เขตปทุมวัน กรุงเทพมหานคร 10330 ประเทศไทย,เขตปทุมวัน,แขวงวังใหม่,รอรับเรื่อง 11 นาทีที่แล้ว,ฟุตบาทบริเวณป้ายรถเมล์มาบุญครองทำรุด,ดำเนินการ: -,,"ทางเท้า, อุปกรณ์ชำรุด, อาคารสถานที่ชำรุด",0,https://storage.googleapis.com/traffy_public_bucket/attachment/2025-05/38bc0cef856a13195e8c272d15ae2b7e.jpg,13.735023504842,100.526643097455,kafka,2025-05-06T15:44:37.694401
2025-FVDBU9,6 พ.ค. 68 21:43 น.,30 ถ. สุทธิสารวินิจฉัย แขวงสามเสนใน เขตพญาไท กรุงเทพมหานคร 10400 ประเทศไทย,เขตพญาไท,แขวงสามเสนใน,รอรับเรื่อง 14 นาทีที่แล้ว,ทางม้าลายข้ามแยก ตอนกลางคืนมืดมาก อันตรายกับประชาชนที่ต้องข้ามถนนตอนกลางคืน ควรติดไฟให้สว่างไสว เพื่...เพิ่มเติม,ดำเนินการ: -,,"ถนน, อุปกรณ์ชำรุด, จุดเสี่ยง",0,https://storage.googleapis.com/traffy_public_bucket/attachment/2025-05/5ed90670cb1555bdb14c8af7f3f377b2.jpg,13.7853970050723,100.5566595114891,kafka,2025-05-06T15:44:37.695401
2025-VKACPW,6 พ.ค. 68 21:43 น.,"Metropolitan Electricity Authority, Ramkhamhaeng Road, Suan Luang, Khet Suan Luang, Bangkok, 10250, แขวงสวนหลวง เขตสวนหลวง กรุงเทพมหานคร 10250 ประเทศไทย",เขตสวนหลวง,แขวงสวนหลวง,รอรับเรื่อง 14 นาทีที่แล้ว,มีร้านขายของ มาขายหน้าทางเข้าออก การไฟฟ้า ซึ่งเป็นการกีดขวางทางเข้าออกของรถ ทำให้เสียทางเข้าออกไป 1 ...เพิ่มเติม,ดำเนินการ: -,,"หาบเร่แผงลอย, ถนน, จุดเสี่ยง",0,https://storage.googleapis.com/traffy_public_bucket/attachment/2025-05/70d4792665de8067ddf26b290a792ba0.jpg,13.7290084943096,100.61685198484906,kafka,2025-05-06T15:44:37.696402
2025-RDKTUC,6 พ.ค. 68 21:57 น.,146/1 ซ. สุขุมวิท 39 แขวงคลองตันเหนือ เขตวัฒนา กรุงเทพมหานคร 10110 ประเทศไทย,เขตวัฒนา,แขวงคลองตันเหนือ,รอรับเรื่อง 3 นาทีที่แล้ว,หน้า FSB ผิวถนนชำรุดเกิดเป็นหลุมอันตรายต่อมอเตอร์ไซค์และผู้สัญจร,ดำเนินการ: -,,"ถนน, จุดเสี่ยง",0,https://storage.googleapis.com/traffy_public_bucket/attachment/2025-05/8ffa9c722318ac666edc43686a36931b.jpg,13.7401239308798,100.57059717254337,kafka,2025-05-06T15:44:37.698407
2025-H2TVW9,6 พ.ค. 68 21:55 น.,69 ถนน สุขาภิบาล 5 ซอย 10 แขวงท่าแร้ง เขตบางเขน กรุงเทพมหานคร 10220 ประเทศไทย,เขตบางเขน,แขวงท่าแร้ง,รอรับเรื่อง 5 นาทีที่แล้ว,การจัดทำไม้กั้นระดับความสูง,ดำเนินการ: -,,"อุปกรณ์ชำรุด, อื่นๆ",0,https://storage.googleapis.com/traffy_public_bucket/attachment/2025-05/52cb2554133cf6881b960c2b9cd074f7.jpg,13.8646989926645,100.6558693650696,kafka,2025-05-06T15:44:37.699402
2025-E6CHZ9,6 พ.ค. 68 21:54 น.,RPRC+Q4H 183 ซอย สุเหร่าคลองหนึ่ง แขวงบางชัน เขตคลองสามวา กรุงเทพมหานคร 10510 ประเทศไทย,เขตคลองสามวา,แขวงบางชัน,รอรับเรื่อง 6 นาทีที่แล้ว,"📢🔊🚥แจ้งไฟสัญญานจราจรขัดข้อง ตรงที่เป็นไฟส่องสว่างดับสนิท😱
*️⃣หมายเลข ตามภาพแนบ
💥👉ส่งต่อ สำนักก...เพิ่มเติม",ดำเนินการ: -,,"อุปกรณ์ชำรุด, ไฟฟ้า, ถนน",0,https://storage.googleapis.com/traffy_public_bucket/attachment/2025-05/da0a74da0411f9f3b29437379a9ca1c7.jpg,13.84025239927425,100.70825712149154,kafka,2025-05-06T15:44:37.700401
2025-MRAL4X,6 พ.ค. 68 21:50 น.,109/5 ถ. ราษฎร์พัฒนา แขวงราษฎร์พัฒนา สะพานสูง กรุงเทพมหานคร 10250 ประเทศไทย,แขวงราษฎร์พัฒนา,,รอรับเรื่อง 10 นาทีที่แล้ว,ไฟถนนเสีย ที่หน้าบ้านเลขที่ 109/51 ม.นลินวิลล์3,ดำเนินการ: -,,"ไฟฟ้า, อุปกรณ์ชำรุด",0,https://storage.googleapis.com/traffy_public_bucket/attachment/2025-05/42291f954d50f8bb31eee0338a51cd1d.jpg,13.7688804936673,100.70255539365951,kafka,2025-05-06T15:44:37.702401
2025-CCFKDU,6 พ.ค. 68 21:49 น.,105/1 ซอย ราชวิถี 6 แขวงสามเสนใน เขตพญาไท กรุงเทพมหานคร 10400 ประเทศไทย,เขตพญาไท,แขวงสามเสนใน,ดำเนินการ 7 นาทีที่แล้ว,่พ่อค้าแม่ค้าขายของกันเยอะขวางทางเข้า รถสวนกันลำบาก,ดำเนินการ:,,"หาบเร่แผงลอย, ถนน, ผิดกฎจราจร",0,https://storage.googleapis.com/traffy_public_bucket/attachment/2025-05/bd0ae3296112cad349c7e35fc617d812.jpg,13.764840615556349,100.54212804881215,kafka,2025-05-06T15:44:37.703401
K3AFXK,6 พ.ค. 68 21:48 น.,3 ซอย รามคำแหง 60 แยก 12 แขวงหัวหมาก บางกะปิ กรุงเทพมหานคร 10240 ประเทศไทย,แขวงหัวหมาก,,ส่งต่อ 12 นาทีที่แล้ว,ปัญหา: ภายในซอยหมู่บ้านดังกล่าว บริเวณบ้านเลขที่ 3 พบมีการเชื่อมเหล็กและการก่อสร้างส่งเสียงดัง พบเห็...เพิ่มเติม,ดำเนินการ: -,,เสียง,0,https://storage.googleapis.com/traffy_public_bucket/attachment/2025-05/0cac81cc3f29facced5c2a365ba7d660.jpg,13.755278281724799,100.65115054992398,kafka,2025-05-06T15:44:37.704405
2025-RDKTUC,6 พ.ค. 68 21:57 น.,146/1 ซ. สุขุมวิท 39 แขวงคลองตันเหนือ เขตวัฒนา กรุงเทพมหานคร 10110 ประเทศไทย,เขตวัฒนา,แขวงคลองตันเหนือ,รอรับเรื่อง 6 นาทีที่แล้ว,หน้า FSB ผิวถนนชำรุดเกิดเป็นหลุมอันตรายต่อมอเตอร์ไซค์และผู้สัญจร,ดำเนินการ: -,,"ถนน, จุดเสี่ยง",0,https://storage.googleapis.com/traffy_public_bucket/attachment/2025-05/8ffa9c722318ac666edc43686a36931b.jpg,13.7401239308798,100.57059717254337,kafka,2025-05-06T15:44:37.705401
2025-H2TVW9,6 พ.ค. 68 21:55 น.,69 ถนน สุขาภิบาล 5 ซอย 10 แขวงท่าแร้ง เขตบางเขน กรุงเทพมหานคร 10220 ประเทศไทย,เขตบางเขน,แขวงท่าแร้ง,รอรับเรื่อง 8 นาทีที่แล้ว,การจัดทำไม้กั้นระดับความสูง,ดำเนินการ: -,,"อุปกรณ์ชำรุด, อื่นๆ",0,https://storage.googleapis.com/traffy_public_bucket/attachment/2025-05/52cb2554133cf6881b960c2b9cd074f7.jpg,13.8646989926645,100.6558693650696,kafka,2025-05-06T15:44:37.707401
2025-E6CHZ9,6 พ.ค. 68 21:54 น.,RPRC+Q4H 183 ซอย สุเหร่าคลองหนึ่ง แขวงบางชัน เขตคลองสามวา กรุงเทพมหานคร 10510 ประเทศไทย,เขตคลองสามวา,แขวงบางชัน,รอรับเรื่อง 9 นาทีที่แล้ว,"📢🔊🚥แจ้งไฟสัญญานจราจรขัดข้อง ตรงที่เป็นไฟส่องสว่างดับสนิท😱
*️⃣หมายเลข ตามภาพแนบ
💥👉ส่งต่อ สำนักก...เพิ่มเติม",ดำเนินการ: -,,"อุปกรณ์ชำรุด, ไฟฟ้า, ถนน",0,https://storage.googleapis.com/traffy_public_bucket/attachment/2025-05/da0a74da0411f9f3b29437379a9ca1c7.jpg,13.84025239927425,100.70825712149154,kafka,2025-05-06T15:44:37.708404
2025-MRAL4X,6 พ.ค. 68 21:50 น.,109/5 ถ. ราษฎร์พัฒนา แขวงราษฎร์พัฒนา สะพานสูง กรุงเทพมหานคร 10250 ประเทศไทย,แขวงราษฎร์พัฒนา,,รอรับเรื่อง 13 นาทีที่แล้ว,ไฟถนนเสีย ที่หน้าบ้านเลขที่ 109/51 ม.นลินวิลล์3,ดำเนินการ: -,,"ไฟฟ้า, อุปกรณ์ชำรุด",0,https://storage.googleapis.com/traffy_public_bucket/attachment/2025-05/42291f954d50f8bb31eee0338a51cd1d.jpg,13.7688804936673,100.70255539365951,kafka,2025-05-06T15:44:37.709403
2025-CCFKDU,6 พ.ค. 68 21:49 น.,105/1 ซอย ราชวิถี 6 แขวงสามเสนใน เขตพญาไท กรุงเทพมหานคร 10400 ประเทศไทย,เขตพญาไท,แขวงสามเสนใน,ดำเนินการ 10 นาทีที่แล้ว,่พ่อค้าแม่ค้าขายของกันเยอะขวางทางเข้า รถสวนกันลำบาก,ดำเนินการ:,,"หาบเร่แผงลอย, ถนน, ผิดกฎจราจร",0,https://storage.googleapis.com/traffy_public_bucket/attachment/2025-05/bd0ae3296112cad349c7e35fc617d812.jpg,13.764840615556349,100.54212804881215,kafka,2025-05-06T15:44:37.711402
K3AFXK,6 พ.ค. 68 21:48 น.,3 ซอย รามคำแหง 60 แยก 12 แขวงหัวหมาก บางกะปิ กรุงเทพมหานคร 10240 ประเทศไทย,แขวงหัวหมาก,,ส่งต่อ 15 นาทีที่แล้ว,ปัญหา: ภายในซอยหมู่บ้านดังกล่าว บริเวณบ้านเลขที่ 3 พบมีการเชื่อมเหล็กและการก่อสร้างส่งเสียงดัง พบเห็...เพิ่มเติม,ดำเนินการ: -,,เสียง,0,https://storage.googleapis.com/traffy_public_bucket/attachment/2025-05/0cac81cc3f29facced5c2a365ba7d660.jpg,13.755278281724799,100.65115054992398,kafka,2025-05-06T15:44:37.712403
2025-N43PV4,6 พ.ค. 68 22:31 น.,"1290, ถนนสมเด็จพระเจ้าตากสิน, แขวงบุคคโล เขตธนบุรี กรุงเทพมหานคร, 10600 แขวงบุคคโล เขตธนบุรี กรุงเทพมหานคร 10600 ประเทศไทย",เขตธนบุรี,แขวงบุคคโล,รอรับเรื่อง 5 นาทีที่แล้ว,รถมอเตอร์ไซค์ขับขี่ บนทางเท้า,ดำเนินการ: -,,"ผิดกฎจราจร, ทางเท้า",0,https://storage.googleapis.com/traffy_public_bucket/attachment/2025-05/a0f9551e47bdbc22224e8ab9dc5cc746.jpg,13.71293590989365,100.48620183615373,kafka,2025-05-06T15:44:37.713401
RAP7A9,6 พ.ค. 68 22:30 น.,78/1 ปรีดี พนมยงค์ 41 แขวงคลองตันเหนือ เขตวัฒนา กรุงเทพมหานคร 10110 ประเทศไทย,เขตวัฒนา,แขวงคลองตันเหนือ,ส่งต่อ 7 นาทีที่แล้ว,ปัญหา: ภายในซอยดังกล่าว บริเวณบ้านเลขที่ 1009/21 พบเพื่อนบ้านมีการขายสินค้าและส่งเสียงดังในยามวิกาล ...เพิ่มเติม,ดำเนินการ: -,,เสียง,0,https://storage.googleapis.com/traffy_public_bucket/attachment/2025-05/9533ef368e40485eb6f30dda5938a415.jpg,13.734626317847951,100.59055552337921,kafka,2025-05-06T15:44:37.715401
2025-3R89CZ,6 พ.ค. 68 22:29 น.,6 ถ. กาญจนาภิเษก แขวงทับช้าง สะพานสูง กรุงเทพมหานคร 10240 ประเทศไทย,แขวงทับช้าง,,รอรับเรื่อง 8 นาทีที่แล้ว,ทำถนน ปล่อยหลุมไว้ใหญ่มาก 3-4 วันแล้ว ล้อพัง,ดำเนินการ: -,,"ถนน, อุปกรณ์ชำรุด",0,https://storage.googleapis.com/traffy_public_bucket/attachment/2025-05/67b89b4cfca93faf50bb0af2d3ba0f3d.jpg,13.7547306545135,100.69971878002096,kafka,2025-05-06T15:44:37.716401
H8ZWDN,6 พ.ค. 68 22:28 น.,802/4 ถ. จันทน์ แขวงทุ่งวัดดอน เขตสาทร กรุงเทพมหานคร 10120 ประเทศไทย,เขตสาทร,แขวงทุ่งวัดดอน,ส่งต่อ 9 นาทีที่แล้ว,ปัญหา: ภายในซอยแยกดังกล่าว บริเวณบ้านเลขที่ 127 พบสาย(ไม่ทราบชนิด) ห้อยย้อยลงมา เกรงว่าจะทำให้ผู้ที่...เพิ่มเติม,ดำเนินการ: -,,จุดเสี่ยง,0,https://storage.googleapis.com/traffy_public_bucket/attachment/2025-05/cf668c6d6dd560b13124c25b16160e3f.jpg,13.70619711548605,100.5175579263072,kafka,2025-05-06T15:44:37.717401
2025-AEM6HZ,6 พ.ค. 68 22:27 น.,2 ซอย อ่อนนุช 60 แขวงสวนหลวง เขตสวนหลวง กรุงเทพมหานคร 10250 ประเทศไทย,เขตสวนหลวง,แขวงสวนหลวง,รอรับเรื่อง 10 นาทีที่แล้ว,ช่วงเวลาเร่งด่วน มีรถสองแถวจอดคาป้าย มีรถส่งของจอดคา ตำรวจในป้อมไม่เห็นมีการกวดขัน เหมือนปล่อยจอยเลย...เพิ่มเติม,ดำเนินการ: -,,"ผิดกฎจราจร, แท็กซี่/รถเมล์",0,https://storage.googleapis.com/traffy_public_bucket/attachment/2025-05/f4274f1477ebd8b7b13a441b80036d5c.jpg,13.7289485168457,100.609592562866,kafka,2025-05-06T15:44:37.719402
2025-7HDVHD,6 พ.ค. 68 22:24 น.,37 ซอย จรัญสนิทวงศ์ 71 แขวงบางพลัด บางพลัด กรุงเทพมหานคร 10700 ประเทศไทย,แขวงบางพลัด,,ดำเนินการ 12 นาทีที่แล้ว,ขี่มอเตอร์ไซค์บนฟุตบาท,ดำเนินการ:,,ผิดกฎจราจร,0,https://storage.googleapis.com/traffy_public_bucket/attachment/2025-05/db9ce81c8553f6f94d0229430b510012.jpg,13.7857598412355,100.49601393865686,kafka,2025-05-06T15:44:37.720403
2025-N43PV4,6 พ.ค. 68 22:31 น.,"1290, ถนนสมเด็จพระเจ้าตากสิน, แขวงบุคคโล เขตธนบุรี กรุงเทพมหานคร, 10600 แขวงบุคคโล เขตธนบุรี กรุงเทพมหานคร 10600 ประเทศไทย",เขตธนบุรี,แขวงบุคคโล,รอรับเรื่อง 9 นาทีที่แล้ว,รถมอเตอร์ไซค์ขับขี่ บนทางเท้า,ดำเนินการ: -,,"ผิดกฎจราจร, ทางเท้า",0,https://storage.googleapis.com/traffy_public_bucket/attachment/2025-05/a0f9551e47bdbc22224e8ab9dc5cc746.jpg,13.71293590989365,100.48620183615373,kafka,2025-05-06T15:44:37.721401
RAP7A9,6 พ.ค. 68 22:30 น.,78/1 ปรีดี พนมยงค์ 41 แขวงคลองตันเหนือ เขตวัฒนา กรุงเทพมหานคร 10110 ประเทศไทย,เขตวัฒนา,แขวงคลองตันเหนือ,ส่งต่อ 10 นาทีที่แล้ว,ปัญหา: ภายในซอยดังกล่าว บริเวณบ้านเลขที่ 1009/21 พบเพื่อนบ้านมีการขายสินค้าและส่งเสียงดังในยามวิกาล ...เพิ่มเติม,ดำเนินการ: -,,เสียง,0,https://storage.googleapis.com/traffy_public_bucket/attachment/2025-05/9533ef368e40485eb6f30dda5938a415.jpg,13.734626317847951,100.59055552337921,kafka,2025-05-06T15:44:37.722401
2025-3R89CZ,6 พ.ค. 68 22:29 น.,6 ถ. กาญจนาภิเษก แขวงทับช้าง สะพานสูง กรุงเทพมหานคร 10240 ประเทศไทย,แขวงทับช้าง,,รอรับเรื่อง 11 นาทีที่แล้ว,ทำถนน ปล่อยหลุมไว้ใหญ่มาก 3-4 วันแล้ว ล้อพัง,ดำเนินการ: -,,"ถนน, อุปกรณ์ชำรุด",0,https://storage.googleapis.com/traffy_public_bucket/attachment/2025-05/67b89b4cfca93faf50bb0af2d3ba0f3d.jpg,13.7547306545135,100.69971878002096,kafka,2025-05-06T15:44:37.724404
H8ZWDN,6 พ.ค. 68 22:28 น.,802/4 ถ. จันทน์ แขวงทุ่งวัดดอน เขตสาทร กรุงเทพมหานคร 10120 ประเทศไทย,เขตสาทร,แขวงทุ่งวัดดอน,ส่งต่อ 13 นาทีที่แล้ว,ปัญหา: ภายในซอยแยกดังกล่าว บริเวณบ้านเลขที่ 127 พบสาย(ไม่ทราบชนิด) ห้อยย้อยลงมา เกรงว่าจะทำให้ผู้ที่...เพิ่มเติม,ดำเนินการ: -,,จุดเสี่ยง,0,https://storage.googleapis.com/traffy_public_bucket/attachment/2025-05/cf668c6d6dd560b13124c25b16160e3f.jpg,13.70619711548605,100.5175579263072,kafka,2025-05-06T15:44:37.725403
2025-AEM6HZ,6 พ.ค. 68 22:27 น.,2 ซอย อ่อนนุช 60 แขวงสวนหลวง เขตสวนหลวง กรุงเทพมหานคร 10250 ประเทศไทย,เขตสวนหลวง,แขวงสวนหลวง,รอรับเรื่อง 14 นาทีที่แล้ว,ช่วงเวลาเร่งด่วน มีรถสองแถวจอดคาป้าย มีรถส่งของจอดคา ตำรวจในป้อมไม่เห็นมีการกวดขัน เหมือนปล่อยจอยเลย...เพิ่มเติม,ดำเนินการ: -,,"ผิดกฎจราจร, แท็กซี่/รถเมล์",0,https://storage.googleapis.com/traffy_public_bucket/attachment/2025-05/f4274f1477ebd8b7b13a441b80036d5c.jpg,13.7289485168457,100.609592562866,kafka,2025-05-06T15:44:37.726402
2025-7HDVHD,6 พ.ค. 68 22:24 น.,37 ซอย จรัญสนิทวงศ์ 71 แขวงบางพลัด บางพลัด กรุงเทพมหานคร 10700 ประเทศไทย,แขวงบางพลัด,,ดำเนินการ 16 นาทีที่แล้ว,ขี่มอเตอร์ไซค์บนฟุตบาท,ดำเนินการ:,,ผิดกฎจราจร,0,https://storage.googleapis.com/traffy_public_bucket/attachment/2025-05/db9ce81c8553f6f94d0229430b510012.jpg,13.7857598412355,100.49601393865686,kafka,2025-05-06T15:44:37.728401
N42BX2,6 พ.ค. 68 22:41 น.,629/2 ซอย สุขสวัสดิ์ 26 แยก 10-3 แขวงบางปะกอก เขตราษฎร์บูรณะ กรุงเทพมหานคร 10140 ประเทศไทย,เขตราษฎร์บูรณะ,แขวงบางปะกอก,ส่งต่อ 3 นาทีที่แล้ว,ปัญหา: ภายในซอยแยกดังกล่าว บริเวณบ้านร้างที่เป็นจุดคัดแยกขยะซึ่งไม่มีผู้พักอาศัย พบกลุ่มคนมีการจับกล...เพิ่มเติม,ดำเนินการ: -,,เสียง,0,https://storage.googleapis.com/traffy_public_bucket/attachment/2025-05/691e15e15a33e84f8d5adafb97cf20cf.jpg,13.6743292199125,100.48791610848018,kafka,2025-05-06T16:09:08.197000
NMDLX6,6 พ.ค. 68 23:00 น.,สี่แยก ม.เกษตร 302 ถนน งามวงศ์วาน แขวงลาดยาว เขตจตุจักร กรุงเทพมหานคร 10900 ประเทศไทย,เขตจตุจักร,แขวงลาดยาว,ส่งต่อ 8 นาทีที่แล้ว,ปัญหา: อุโมงค์ลอดแยกเกษตร ภายในอุโมงค์ดังกล่าว ฝั่งมุ่งหน้ามหาวิทยาลัยเกษตรศาสตร์ บริเวณช่วงทางโค้งใ...เพิ่มเติม,ดำเนินการ: -,,ถนน,0,https://storage.googleapis.com/traffy_public_bucket/attachment/2025-05/2175d8006742248c23abfe5c9868d6a0.jpg,13.843314453606201,100.55999428862742,kafka,2025-05-06T16:09:54.299645
2025-AAFULG,6 พ.ค. 68 23:00 น.,RP9C+59R ถ. หทัยราษฎร์ แขวงมีนบุรี เขตมีนบุรี กรุงเทพมหานคร 10510 ประเทศไทย,เขตมีนบุรี,แขวงมีนบุรี,ส่งต่อ 6 นาทีที่แล้ว,"📢🔊แจ้งฟุทบาท ทางเท้าชำรุด😱
🚶🚶‍♀️🏃👩‍🦯👩‍🦽👩‍🦼👩‍🦯
แผ่นปูทรุดต่างระดับ เป็นหลุมร่อง
📸
📌ตล...เพิ่มเติม",ดำเนินการ:,,"ทางเท้า, อุปกรณ์ชำรุด, ผู้พิการ+ใช้ล้อ",0,https://storage.googleapis.com/traffy_public_bucket/attachment/2025-05/7ee559fa5cbcf601c428250cf357d23e.jpg,13.82474873207985,100.71986505243393,kafka,2025-05-06T16:10:08.381407
2025-A9UAYZ,6 พ.ค. 68 22:58 น.,1042 ถนน นราธิวาสราชนครินทร์ แขวงทุ่งมหาเมฆ เขตสาทร กรุงเทพมหานคร 10120 ประเทศไทย,เขตสาทร,แขวงทุ่งมหาเมฆ,รอรับเรื่อง 11 นาทีที่แล้ว,หลุมใหญ่ ช่วยซ่อมให้เรียบด้วย เสี่ยงอันตรายมาก,ดำเนินการ: -,,"ถนน, อาคารสถานที่ชำรุด, จุดเสี่ยง",0,https://storage.googleapis.com/traffy_public_bucket/attachment/2025-05/580e91658ac6c17b28ffcdfa273afb91.jpg,13.71536326524,100.5366260022814,kafka,2025-05-06T16:10:22.576220
